Vocabulaire de recherche;Localisation de recherche;Vocabulaire d'analyse
submersion marine;Le Grau du Roi;sable
érosion côtière; La Grande Motte;plage
surcôte marine;Mauguio-Carnon;dune
dérive littorale; Palavas-les-Flots;mer
géotube; Villeneuve-lès-Maguelone;vulnérabilité
relocalisation; Frontignan;lagune
recul; Sète;cordon dunaire
recomposition spatiale;Marseillan;falaise
risque côtier;Agde;stock sédimentaire
trait de côte;Vias;zone humide
cordon littoral;Portiragnes;bassin versant
épis;Sérignan;algue
brise lame;Valras;marais salant
digue;Vendres;saline
renourrissement;Fleury;vasière
tempête marine;Narbonne;étang côtier
événement extrême;Gruissan;étang littoral
salinisation;Port-la-Nouvelle;lido
montée des eaux;Leucate;tombolo
biseau salé;Le Barcarès;estran
perte de plage;Torreilles;rivage
littoral occitanien;Sainte-Marie-la-Mer;réserve de sable
littoral languedocien;Canet-en-Roussillon;escarpement
littoral montpelliérain;Saint-Cyprien;éboulis
accrétion;Elne;marias
retrait progressif;Argelès-sur-Mer;marécage
;Collioure;estuaire
;Port-Vendre;delta
;Banyuls-sur-Mer;jetée
;Cerbère;digue
;;salinisation
;;acidification
;;forêt de Varech
;;barrage
;;rewilding
;;GEMAPI
;;Plan Littoral 21
;;mission racine
;;Natura 2000
;;GIZC
;;restructuration
;;résilience
